word,id,neighborto,spacetime,comment,comparisonword,distance
a,1,short,o,,short,0.827
aa,2,short,o,,short,0.852
abbreviated,3,short,o,,short,0.835
absence,4,short,o,,short,0.883
absent,5,short,o,,short,0.859
acclaimed,6,short,o,,short,0.866
account,7,short,o,,short,0.877
action,8,short,o,,short,0.865
actually,9,short,o,,short,0.817
adaptation,10,short,o,,short,0.882
adaptations,11,short,o,,short,0.868
adapted,12,short,o,,short,0.851
adult,13,short,o,,short,0.861
adventure,14,short,o,,short,0.887
after,15,short,b,?,short,0.829
again,16,short,t,,short,0.81
allegedly,17,short,o,,short,0.887
allows,18,short,o,,short,0.871
alongside,19,short,b,?,short,0.815
also,20,short,o,,short,0.816
alternate,21,short,o,,short,0.83
alternative,22,short,o,,short,0.83
although,23,short,o,,short,0.844
an,24,short,o,,short,0.849
and,25,short,o,,short,0.828
andrews,26,short,o,,short,0.881
animated,27,short,o,,short,0.804
animation,28,short,o,,short,0.87
anime,29,short,o,,short,0.884
another,30,short,o,,short,0.786
anthology,31,short,o,,short,0.861
anyway,32,short,o,,short,0.872
apart,33,short,b,,short,0.861
apparently,34,short,o,,short,0.746
appeared,35,short,o,,short,0.885
appearing,36,short,o,,short,0.856
appears,37,short,o,,short,0.83
applies,38,short,o,,short,0.883
archaic,39,short,o,,short,0.867
arranged,40,short,b,?,short,0.814
articles,41,short,o,,short,0.863
artists,42,short,o,,short,0.888
as,43,short,o,,short,0.85
ascension,44,short,b,,short,0.879
at,45,short,b,,short,0.769
authors,46,short,o,,short,0.861
autobiography,47,short,o,,short,0.872
b,48,short,o,,short,0.782
back,49,short,b,,short,0.875
background,50,short,s,,short,0.878
bad,51,short,o,,short,0.816
band,52,short,o,,short,0.832
bands,53,short,o,,short,0.855
bare,54,short,o,,short,0.824
barry,55,short,o,,short,0.865
based,56,short,o,,short,0.833
basic,57,short,o,,short,0.851
basically,58,short,o,,short,0.884
basis,59,short,o,,short,0.88
battery,60,short,o,,short,0.883
bbc,61,short,o,,short,0.874
be,62,short,o,,short,0.813
beautiful,63,short,o,,short,0.856
because,64,short,o,,short,0.843
becomes,65,short,t,?,short,0.89
bed,66,short,o,,short,0.877
before,67,short,b,,short,0.783
beginning,68,short,t,,short,0.836
being,69,short,o,,short,0.877
below,70,short,s,,short,0.89
best,71,short,o,,short,0.83
between,72,short,b,,short,0.874
beyond,73,short,s,?,short,0.881
big,74,short,s,,short,0.799
biography,75,short,o,,short,0.831
black,76,short,o,,short,0.805
blank,77,short,o,,short,0.852
bloody,78,short,o,,short,0.887
bond,79,short,o,,short,0.848
book,80,short,o,,short,0.788
books,81,short,o,,short,0.848
both,82,short,o,,short,0.814
bound,83,short,o,,short,0.868
break,84,short,o,,short,0.888
breaking,85,short,o,,short,0.845
breaks,86,short,o,,short,0.873
breakthrough,87,short,o,,short,0.885
brief,88,short,t,,short,0.566
briefly,89,short,t,,short,0.825
bright,90,short,o,,short,0.845
brilliant,91,short,o,,short,0.872
broad,92,short,s,?,short,0.746
broken,93,short,o,,short,0.833
bros,94,short,o,,short,0.89
bubble,95,short,o,,short,0.877
bud,96,short,o,,short,0.876
burroughs,97,short,o,,short,0.85
busy,98,short,o,,short,0.871
but,99,short,o,,short,0.8
by,100,short,o,,short,0.871
c,101,short,o,,short,0.842
called,102,short,o,,short,0.715
cancelled,103,short,o,,short,0.878
carefully,104,short,o,,short,0.868
cartoon,105,short,o,,short,0.845
case,106,short,o,,short,0.866
cat,107,short,o,,short,0.772
catch,108,short,o,,short,0.852
category,109,short,o,,short,0.87
cats,110,short,o,,short,0.866
central,111,short,s,?,short,0.863
certain,112,short,o,,short,0.881
cervantes,113,short,o,,short,0.862
chad,114,short,o,,short,0.873
characters,115,short,o,,short,0.845
chase,116,short,o,,short,0.838
cheap,117,short,o,,short,0.828
christmas,118,short,t,?,short,0.872
classic,119,short,o,,short,0.805
close,120,short,b,,short,0.72
closest,121,short,b,,short,0.87
closing,122,short,o,?,short,0.856
code,123,short,o,,short,0.828
coherent,124,short,o,,short,0.85
coined,125,short,o,,short,0.867
cold,126,short,o,,short,0.833
collection,127,short,o,,short,0.819
collections,128,short,o,,short,0.823
combination,129,short,o,,short,0.823
combined,130,short,o,,short,0.87
comedy,131,short,o,,short,0.794
comic,132,short,o,,short,0.771
comics,133,short,o,,short,0.83
commercial,134,short,o,,short,0.882
common,135,short,o,,short,0.83
companies,136,short,o,,short,0.888
company,137,short,o,,short,0.879
compiled,138,short,o,?,short,0.843
complete,139,short,o,,short,0.794
completing,140,short,o,,short,0.842
complicated,141,short,o,,short,0.882
comprehensive,142,short,o,,short,0.889
comprising,143,short,o,,short,0.854
conditions,144,short,o,,short,0.887
consecutive,145,short,b,?,short,0.864
consequently,146,short,t,,short,0.85
considerable,147,short,o,,short,0.85
considered,148,short,o,,short,0.854
consist,149,short,o,,short,0.884
consisted,150,short,o,,short,0.855
consisting,151,short,o,,short,0.82
constant,152,short,t,?,short,0.832
contain,153,short,o,?,short,0.869
contained,154,short,o,,short,0.828
containing,155,short,o,,short,0.782
contains,156,short,o,,short,0.881
continuation,157,short,t,?,short,0.843
contrast,158,short,o,,short,0.856
controversial,159,short,o,,short,0.838
convenient,160,short,o,,short,0.801
conventional,161,short,o,,short,0.655
conversely,162,short,o,,short,0.871
cool,163,short,o,,short,0.889
core,164,short,o,,short,0.882
cost,165,short,o,,short,0.887
country,166,short,o,?,short,0.864
course,167,short,o,,short,0.872
cover,168,short,o,?,short,0.813
covering,169,short,o,?,short,0.868
covers,170,short,o,?,short,0.819
created,171,short,o,,short,0.852
creating,172,short,o,,short,0.837
creature,173,short,o,,short,0.851
creatures,174,short,o,,short,0.888
credits,175,short,o,,short,0.872
crime,176,short,o,,short,0.875
critical,177,short,o,,short,0.796
currency,178,short,o,,short,0.84
cut,179,short,o,?,short,0.817
cutting,180,short,o,?,short,0.886
cycle,181,short,b,,short,0.845
cycles,182,short,b,,short,0.878
d,183,short,o,,short,0.806
daily,184,short,t,,short,0.884
dance,185,short,o,,short,0.819
dangerous,186,short,o,,short,0.794
dangers,187,short,o,,short,0.884
dark,188,short,o,,short,0.827
darkness,189,short,o,,short,0.821
davis,190,short,o,,short,0.844
dc,191,short,o,,short,0.879
de,192,short,o,,short,0.858
dead,193,short,o,,short,0.876
death,194,short,o,?,short,0.867
decade,195,short,t,,short,0.883
decades,196,short,t,,short,0.879
decay,197,short,o,?,short,0.889
deep,198,short,s,?,short,0.887
definitive,199,short,o,,short,0.842
depicted,200,short,o,,short,0.882
described,201,short,o,,short,0.884
describes,202,short,o,,short,0.845
describing,203,short,o,,short,0.8
descriptive,204,short,o,,short,0.858
designed,205,short,o,,short,0.886
detailed,206,short,o,,short,0.823
detective,207,short,o,,short,0.867
dialogue,208,short,o,,short,0.887
difference,209,short,o,,short,0.858
difficult,210,short,o,,short,0.791
directly,211,short,o,,short,0.875
discrete,212,short,o,,short,0.877
disney,213,short,o,,short,0.854
distance,214,short,b,?,short,0.837
dj,215,short,o,,short,0.845
dog,216,short,o,,short,0.882
dogs,217,short,o,,short,0.78
don,218,short,o,,short,0.877
donald,219,short,o,,short,0.845
double,220,short,o,,short,0.786
doubtful,221,short,o,,short,0.799
down,222,short,s,?,short,0.859
dozen,223,short,o,,short,0.872
dragon,224,short,o,,short,0.885
drama,225,short,o,,short,0.791
dramatic,226,short,o,,short,0.78
dream,227,short,o,,short,0.853
drought,228,short,o,,short,0.881
dual,229,short,o,,short,0.866
duration,230,short,t,,short,0.733
during,231,short,t,,short,0.775
dying,232,short,o,,short,0.885
e,233,short,o,,short,0.819
each,234,short,o,,short,0.804
earliest,235,short,t,,short,0.879
early,236,short,t,,short,0.868
easy,237,short,o,,short,0.847
economy,238,short,o,,short,0.863
edgar,239,short,o,,short,0.874
effect,240,short,o,,short,0.876
effective,241,short,o,,short,0.885
effectively,242,short,o,,short,0.871
eg,243,short,o,,short,0.781
eight,244,short,o,,short,0.865
either,245,short,o,,short,0.814
el,246,short,o,,short,0.868
elements,247,short,o,,short,0.882
eleven,248,short,o,,short,0.815
end,249,short,b,,short,0.834
ending,250,short,b,,short,0.765
ends,251,short,b,,short,0.801
entire,252,short,b,,short,0.857
entitled,253,short,o,,short,0.743
entry,254,short,b,,short,0.87
episodes,255,short,o,,short,0.859
equally,256,short,o,,short,0.868
equivalent,257,short,o,,short,0.874
era,258,short,t,,short,0.887
essentially,259,short,o,,short,0.778
establishing,260,short,o,,short,0.887
even,261,short,o,,short,0.871
eventually,262,short,t,,short,0.876
ever,263,short,t,,short,0.857
example,264,short,o,,short,0.821
examples,265,short,o,,short,0.854
except,266,short,o,,short,0.719
exceptions,267,short,o,,short,0.874
existence,268,short,o,,short,0.861
expensive,269,short,o,,short,0.858
extended,270,short,b,,short,0.863
extensive,271,short,o,,short,0.878
extra,272,short,o,,short,0.858
extremely,273,short,o,,short,0.809
fact,274,short,o,,short,0.842
fairly,275,short,o,,short,0.839
fall,276,short,o,?,short,0.823
falling,277,short,b,?,short,0.833
falls,278,short,b,?,short,0.886
FALSE,279,short,o,,short,0.864
famous,280,short,o,,short,0.805
fan,281,short,o,,short,0.882
far,282,short,b,,short,0.873
fast,283,short,b,,short,0.831
favorite,284,short,o,,short,0.88
feature,285,short,o,,short,0.797
featured,286,short,o,,short,0.879
featuring,287,short,o,,short,0.825
few,288,short,o,,short,0.752
fi,289,short,o,,short,0.843
fiction,290,short,o,,short,0.817
fictional,291,short,o,,short,0.841
fierce,292,short,o,,short,0.829
fifteen,293,short,o,,short,0.887
fifth,294,short,o,,short,0.876
film,295,short,o,,short,0.821
filmed,296,short,o,,short,0.887
films,297,short,o,,short,0.843
final,298,short,t,?,short,0.799
fine,299,short,o,,short,0.819
firing,300,short,o,,short,0.879
first,301,short,o,?,short,0.812
five,302,short,o,,short,0.852
fixed,303,short,o,,short,0.86
flat,304,short,s,?,short,0.806
flexible,305,short,o,,short,0.861
focal,306,short,s,?,short,0.851
focusing,307,short,o,,short,0.876
following,308,short,o,,short,0.836
follows,309,short,o,,short,0.863
footnotes,310,short,o,,short,0.797
for,311,short,o,,short,0.851
foreign,312,short,o,,short,0.88
forever,313,short,t,?,short,0.859
form,314,short,s,?,short,0.783
former,315,short,t,?,short,0.821
forming,316,short,o,,short,0.89
forms,317,short,o,,short,0.87
four,318,short,o,,short,0.833
fourth,319,short,o,,short,0.818
fragments,320,short,o,,short,0.858
frequent,321,short,b,?,short,0.861
frequently,322,short,t,,short,0.85
fresh,323,short,o,,short,0.86
friends,324,short,o,,short,0.882
from,325,short,s,?,short,0.83
front,326,short,s,,short,0.875
frost,327,short,o,,short,0.875
fu,328,short,o,,short,0.887
full,329,short,o,,short,0.756
fun,330,short,o,,short,0.882
funny,331,short,o,,short,0.801
further,332,short,b,,short,0.887
furthermore,333,short,o,,short,0.852
g,334,short,o,,short,0.852
gave,335,short,o,,short,0.882
general,336,short,o,,short,0.869
generally,337,short,o,,short,0.822
generic,338,short,o,,short,0.776
genre,339,short,o,,short,0.82
genres,340,short,o,,short,0.829
get,341,short,o,,short,0.881
ghost,342,short,o,,short,0.866
giant,343,short,s,?,short,0.883
gilbert,344,short,o,,short,0.84
given,345,short,o,,short,0.842
gives,346,short,o,,short,0.84
goes,347,short,o,,short,0.846
good,348,short,o,,short,0.828
government,349,short,o,,short,0.89
graham,350,short,o,,short,0.883
great,351,short,s,,short,0.824
h,352,short,o,,short,0.83
half,353,short,o,,short,0.827
hamburg,354,short,o,,short,0.877
handful,355,short,s,?,short,0.871
happy,356,short,o,,short,0.809
hard,357,short,o,,short,0.83
harmony,358,short,o,,short,0.878
harsh,359,short,o,,short,0.782
having,360,short,o,,short,0.884
healthy,361,short,o,,short,0.86
heavily,362,short,o,,short,0.886
heavy,363,short,o,,short,0.817
helpful,364,short,o,,short,0.886
hence,365,short,o,,short,0.853
her,366,short,o,,short,0.882
here,367,short,s,,short,0.804
hi,368,short,o,,short,0.883
high,369,short,s,,short,0.843
highly,370,short,o,,short,0.855
historic,371,short,t,?,short,0.884
historical,372,short,t,?,short,0.867
history,373,short,t,?,short,0.825
hobby,374,short,o,,short,0.877
hollow,375,short,o,,short,0.811
hollywood,376,short,o,,short,0.883
holmes,377,short,o,,short,0.86
homage,378,short,o,,short,0.884
horror,379,short,o,,short,0.821
horse,380,short,o,,short,0.879
hour,381,short,t,,short,0.752
hours,382,short,t,,short,0.8
however,383,short,o,,short,0.818
huge,384,short,s,,short,0.889
hugo,385,short,o,,short,0.783
humorous,386,short,o,,short,0.797
hungarian,387,short,o,,short,0.866
hunting,388,short,o,,short,0.866
hypothetical,389,short,o,,short,0.866
if,390,short,o,,short,0.842
iii,391,short,o,,short,0.874
ill,392,short,o,,short,0.887
immediately,393,short,t,,short,0.856
implies,394,short,o,,short,0.834
important,395,short,o,,short,0.855
in,396,short,s,?,short,0.796
includes,397,short,o,,short,0.888
incomplete,398,short,o,,short,0.853
incorrect,399,short,o,,short,0.856
incorrectly,400,short,o,,short,0.878
independently,401,short,o,,short,0.888
individual,402,short,o,,short,0.876
individually,403,short,o,,short,0.829
inherently,404,short,o,,short,0.87
initial,405,short,t,?,short,0.79
initially,406,short,t,?,short,0.88
insert,407,short,s,?,short,0.8
inserted,408,short,s,?,short,0.856
instance,409,short,t,?,short,0.766
instead,410,short,o,,short,0.803
intact,411,short,o,,short,0.889
intended,412,short,o,,short,0.846
intensive,413,short,o,,short,0.874
interactive,414,short,o,,short,0.861
intermediate,415,short,o,,short,0.889
internal,416,short,s,?,short,0.879
interstellar,417,short,o,,short,0.883
into,418,short,s,?,short,0.882
involving,419,short,o,,short,0.851
ironically,420,short,o,,short,0.856
is,421,short,o,,short,0.882
isolation,422,short,o,,short,0.873
itself,423,short,o,,short,0.86
jan,424,short,o,,short,0.864
japanese,425,short,o,,short,0.829
jet,426,short,o,,short,0.882
joe,427,short,o,,short,0.862
joke,428,short,o,,short,0.854
jordan,429,short,o,,short,0.886
jr,430,short,o,,short,0.853
jump,431,short,b,,short,0.881
just,432,short,o,,short,0.812
k,433,short,o,,short,0.863
ka,434,short,o,,short,0.865
kai,435,short,o,,short,0.886
keeping,436,short,o,,short,0.841
kind,437,short,o,,short,0.888
kingdoms,438,short,o,,short,0.889
kings,439,short,o,,short,0.871
kirby,440,short,o,,short,0.87
known,441,short,o,,short,0.795
kryptonite,442,short,o,,short,0.873
l,443,short,o,,short,0.827
la,444,short,o,,short,0.89
labyrinth,445,short,o,,short,0.886
large,446,short,s,,short,0.812
larger,447,short,s,,short,0.884
last,448,short,t,?,short,0.779
lasted,449,short,t,?,short,0.864
lasting,450,short,t,?,short,0.831
late,451,short,t,,short,0.828
later,452,short,t,,short,0.861
latin,453,short,o,,short,0.867
latter,454,short,t,?,short,0.866
lawyers,455,short,o,,short,0.868
leaving,456,short,o,,short,0.825
lee,457,short,o,,short,0.851
length,458,short,b,,short,0.781
lengths,459,short,b,,short,0.84
lengthy,460,short,b,,short,0.722
less,461,short,b,,short,0.82
lethal,462,short,o,,short,0.887
li,463,short,o,,short,0.812
library,464,short,o,,short,0.884
lie,465,short,o,,short,0.879
life,466,short,o,,short,0.825
lifetime,467,short,t,,short,0.824
light,468,short,o,,short,0.808
like,469,short,o,,short,0.847
likewise,470,short,o,,short,0.819
limitations,471,short,o,,short,0.858
limited,472,short,o,,short,0.827
line,473,short,s,?,short,0.8
lists,474,short,o,,short,0.871
literal,475,short,o,,short,0.863
literary,476,short,o,,short,0.831
little,477,short,s,,short,0.838
lived,478,short,o,,short,0.724
lives,479,short,o,,short,0.887
load,480,short,o,,short,0.876
local,481,short,o,,short,0.825
long,482,short,b,,short,0.416
longer,483,short,b,,short,0.707
longest,484,short,b,,short,0.753
loose,485,short,o,,short,0.77
loosely,486,short,o,,short,0.734
loss,487,short,o,,short,0.873
lot,488,short,o,,short,0.874
love,489,short,o,,short,0.841
low,490,short,s,,short,0.784
luck,491,short,o,,short,0.889
lucky,492,short,o,,short,0.77
macro,493,short,o,,short,0.878
magazines,494,short,o,,short,0.84
main,495,short,o,,short,0.771
mainly,496,short,o,,short,0.828
maintained,497,short,o,,short,0.867
makes,498,short,o,,short,0.857
making,499,short,o,,short,0.865
man,500,short,o,,short,0.864
manga,501,short,o,,short,0.824
mann,502,short,o,,short,0.873
manner,503,short,o,,short,0.885
many,504,short,o,,short,0.826
mao,505,short,o,,short,0.854
marginal,506,short,o,,short,0.885
mark,507,short,o,,short,0.88
marker,508,short,o,,short,0.849
marking,509,short,o,,short,0.871
marks,510,short,o,,short,0.763
matter,511,short,o,,short,0.826
maximum,512,short,o,,short,0.855
mb,513,short,o,,short,0.888
meaning,514,short,o,,short,0.882
meaningful,515,short,o,,short,0.869
means,516,short,o,,short,0.884
medieval,517,short,o,,short,0.823
medium,518,short,o,?,short,0.802
meets,519,short,o,,short,0.886
mel,520,short,o,,short,0.837
memorable,521,short,o,,short,0.884
memories,522,short,t,?,short,0.808
memory,523,short,t,?,short,0.865
mentioned,524,short,o,,short,0.848
mere,525,short,o,,short,0.801
metal,526,short,o,,short,0.807
metallica,527,short,o,,short,0.871
meter,528,short,s,,short,0.875
michael,529,short,o,,short,0.856
mickey,530,short,o,,short,0.835
mid,531,short,o,,short,0.885
middle,532,short,b,,short,0.888
mild,533,short,o,,short,0.834
military,534,short,o,,short,0.881
miller,535,short,o,,short,0.87
min,536,short,o,,short,0.813
minimal,537,short,o,,short,0.84
minimum,538,short,o,,short,0.878
minute,539,short,t,,short,0.787
minutes,540,short,t,,short,0.784
mistaken,541,short,o,,short,0.856
mix,542,short,o,,short,0.886
modern,543,short,o,,short,0.875
modest,544,short,o,,short,0.802
modified,545,short,o,,short,0.869
moment,546,short,t,,short,0.887
monarchy,547,short,o,,short,0.887
money,548,short,o,,short,0.86
month,549,short,t,,short,0.811
months,550,short,t,,short,0.822
monty,551,short,o,,short,0.886
mood,552,short,o,,short,0.888
more,553,short,o,,short,0.864
morrison,554,short,o,,short,0.889
most,555,short,o,,short,0.817
mountains,556,short,o,,short,0.885
mouse,557,short,o,,short,0.878
movie,558,short,o,,short,0.859
movies,559,short,o,,short,0.884
much,560,short,o,,short,0.844
multi,561,short,o,,short,0.783
multiple,562,short,o,,short,0.856
music,563,short,o,,short,0.88
musical,564,short,o,,short,0.8
my,565,short,o,,short,0.867
n,566,short,o,,short,0.837
name,567,short,o,,short,0.836
named,568,short,o,,short,0.863
narrative,569,short,o,,short,0.89
narrow,570,short,s,?,short,0.754
near,571,short,b,,short,0.853
nearest,572,short,b,,short,0.848
necessary,573,short,o,,short,0.887
needed,574,short,o,,short,0.876
negative,575,short,o,,short,0.867
neutral,576,short,o,,short,0.764
never,577,short,t,,short,0.853
nevertheless,578,short,o,,short,0.863
new,579,short,o,,short,0.839
newspaper,580,short,o,,short,0.857
next,581,short,b,,short,0.824
ni,582,short,o,,short,0.872
night,583,short,t,?,short,0.871
nights,584,short,t,?,short,0.839
nine,585,short,o,,short,0.863
nominally,586,short,o,,short,0.843
non,587,short,o,,short,0.85
nonetheless,588,short,o,,short,0.862
normal,589,short,o,,short,0.839
normally,590,short,o,,short,0.837
norwegian,591,short,o,,short,0.877
not,592,short,o,,short,0.878
notable,593,short,o,,short,0.815
note,594,short,o,,short,0.877
noted,595,short,o,,short,0.854
notes,596,short,o,,short,0.796
notorious,597,short,o,,short,0.883
novel,598,short,o,,short,0.821
novels,599,short,o,,short,0.808
now,600,short,t,,short,0.883
nowadays,601,short,t,,short,0.821
o,602,short,o,,short,0.843
obvious,603,short,o,,short,0.878
occasional,604,short,t,,short,0.824
occasionally,605,short,t,,short,0.785
occurrence,606,short,o,,short,0.869
occurs,607,short,o,,short,0.885
odd,608,short,o,,short,0.879
of,609,short,o,,short,0.75
off,610,short,o,?,short,0.792
offset,611,short,o,,short,0.88
often,612,short,t,,short,0.844
on,613,short,o,?,short,0.798
once,614,short,t,,short,0.803
one,615,short,o,,short,0.862
only,616,short,o,,short,0.716
onto,617,short,o,?,short,0.89
opening,618,short,o,,short,0.883
optical,619,short,o,,short,0.888
or,620,short,o,,short,0.871
oral,621,short,o,,short,0.866
origin,622,short,o,?,short,0.884
original,623,short,o,,short,0.83
originally,624,short,o,,short,0.794
oscar,625,short,o,,short,0.868
otherwise,626,short,o,,short,0.881
out,627,short,s,?,short,0.86
outside,628,short,s,?,short,0.883
overview,629,short,o,,short,0.874
own,630,short,o,,short,0.805
pa,631,short,o,,short,0.883
painful,632,short,o,,short,0.865
pair,633,short,o,,short,0.828
pairs,634,short,o,,short,0.838
pan,635,short,o,,short,0.885
parallel,636,short,o,?,short,0.867
paramount,637,short,o,,short,0.866
parody,638,short,o,,short,0.839
part,639,short,o,,short,0.786
particular,640,short,o,,short,0.804
partly,641,short,o,,short,0.857
passing,642,short,o,,short,0.861
peculiar,643,short,o,,short,0.883
per,644,short,o,,short,0.814
perhaps,645,short,o,,short,0.839
period,646,short,t,,short,0.78
periods,647,short,t,,short,0.722
photographic,648,short,o,,short,0.867
pi,649,short,o,,short,0.874
piece,650,short,o,,short,0.857
pieces,651,short,o,,short,0.881
place,652,short,s,?,short,0.869
placed,653,short,s,?,short,0.886
plane,654,short,o,,short,0.854
plays,655,short,o,,short,0.831
plural,656,short,o,,short,0.842
po,657,short,o,,short,0.887
poems,658,short,o,,short,0.865
poetic,659,short,o,,short,0.874
poetry,660,short,o,,short,0.816
polish,661,short,o,,short,0.886
poor,662,short,o,,short,0.836
popular,663,short,o,,short,0.821
portion,664,short,o,,short,0.842
possible,665,short,o,,short,0.868
possibly,666,short,o,,short,0.818
post,667,short,o,,short,0.857
postal,668,short,o,,short,0.876
pound,669,short,o,,short,0.865
practical,670,short,o,,short,0.834
preceding,671,short,t,?,short,0.839
preferred,672,short,o,,short,0.873
premise,673,short,o,,short,0.879
prescribed,674,short,o,,short,0.886
presents,675,short,o,,short,0.884
primarily,676,short,o,,short,0.876
primary,677,short,o,,short,0.839
primitive,678,short,o,,short,0.886
principal,679,short,o,,short,0.869
print,680,short,o,,short,0.877
prison,681,short,o,,short,0.881
private,682,short,o,,short,0.823
probably,683,short,o,,short,0.836
produced,684,short,o,,short,0.833
producing,685,short,o,,short,0.866
productive,686,short,o,,short,0.886
profile,687,short,o,,short,0.823
prolific,688,short,o,,short,0.855
prolonged,689,short,b,?,short,0.836
pronounced,690,short,o,,short,0.85
properly,691,short,o,,short,0.847
prose,692,short,o,,short,0.802
protective,693,short,o,,short,0.879
provides,694,short,o,,short,0.88
published,695,short,o,,short,0.84
purpose,696,short,o,,short,0.871
purposes,697,short,o,,short,0.833
quick,698,short,b,?,short,0.855
quickly,699,short,b,?,short,0.848
quiet,700,short,o,,short,0.868
r,701,short,o,,short,0.854
radio,702,short,o,,short,0.859
ran,703,short,o,,short,0.856
rapid,704,short,b,?,short,0.88
rare,705,short,o,?,short,0.758
rarely,706,short,t,?,short,0.803
rat,707,short,o,,short,0.853
re,708,short,o,,short,0.841
reading,709,short,o,,short,0.828
real,710,short,o,,short,0.849
realistic,711,short,o,,short,0.781
realm,712,short,o,,short,0.879
recently,713,short,t,,short,0.863
recorded,714,short,o,,short,0.88
recording,715,short,o,,short,0.833
recurring,716,short,b,?,short,0.851
references,717,short,o,,short,0.847
referred,718,short,o,,short,0.821
refers,719,short,o,,short,0.837
reflects,720,short,o,,short,0.882
refusing,721,short,o,,short,0.877
registry,722,short,o,,short,0.88
relates,723,short,o,,short,0.859
relatively,724,short,o,,short,0.77
relevant,725,short,o,,short,0.889
reliable,726,short,o,,short,0.876
reluctant,727,short,o,,short,0.878
remainder,728,short,o,,short,0.839
remained,729,short,o,,short,0.879
rendering,730,short,o,,short,0.882
reportedly,731,short,o,,short,0.872
representing,732,short,o,,short,0.881
requiring,733,short,o,,short,0.886
rest,734,short,o,,short,0.857
return,735,short,o,,short,0.868
rex,736,short,o,,short,0.888
rock,737,short,o,,short,0.874
rocky,738,short,o,,short,0.872
romance,739,short,o,,short,0.861
room,740,short,o,,short,0.882
rope,741,short,o,,short,0.881
rough,742,short,o,,short,0.825
run,743,short,o,,short,0.859
running,744,short,o,,short,0.881
russian,745,short,o,,short,0.868
s,746,short,o,,short,0.848
safe,747,short,o,,short,0.871
sam,748,short,o,,short,0.855
same,749,short,o,,short,0.72
satirical,750,short,o,,short,0.826
saving,751,short,o,,short,0.883
saying,752,short,o,,short,0.875
scenario,753,short,o,,short,0.868
screenplay,754,short,o,,short,0.88
sea,755,short,o,,short,0.871
seasons,756,short,o,,short,0.88
second,757,short,o,,short,0.753
secondary,758,short,o,,short,0.874
seconds,759,short,t,,short,0.876
secret,760,short,o,,short,0.855
sections,761,short,o,,short,0.843
see,762,short,o,,short,0.812
seemingly,763,short,o,,short,0.853
seems,764,short,o,,short,0.888
segment,765,short,o,,short,0.801
segments,766,short,o,,short,0.802
seldom,767,short,t,?,short,0.802
semi,768,short,o,,short,0.856
sensitive,769,short,o,,short,0.867
separate,770,short,o,,short,0.857
separately,771,short,o,,short,0.846
sequence,772,short,b,,short,0.859
sequences,773,short,b,,short,0.839
series,774,short,b,,short,0.833
serious,775,short,o,,short,0.867
setting,776,short,o,,short,0.788
seven,777,short,o,,short,0.881
several,778,short,o,,short,0.803
sharp,779,short,o,,short,0.822
shock,780,short,o,,short,0.887
shooting,781,short,o,,short,0.886
shortened,782,short,b,,short,0.774
shorter,783,short,b,,short,0.628
shortest,784,short,b,,short,0.751
shortly,785,short,b,,short,0.88
shot,786,short,o,,short,0.889
shows,787,short,o,,short,0.853
side,788,short,s,?,short,0.874
signature,789,short,o,,short,0.813
silent,790,short,o,,short,0.767
silver,791,short,o,,short,0.835
similar,792,short,o,,short,0.73
similarly,793,short,o,,short,0.793
simple,794,short,o,,short,0.691
simplest,795,short,o,,short,0.864
simplified,796,short,o,,short,0.82
simply,797,short,o,,short,0.856
single,798,short,o,,short,0.698
singular,799,short,o,,short,0.849
six,800,short,o,,short,0.861
sketches,801,short,o,,short,0.885
slow,802,short,b,,short,0.878
small,803,short,s,?,short,0.755
smart,804,short,o,,short,0.883
smooth,805,short,o,,short,0.859
snow,806,short,o,,short,0.763
soft,807,short,o,,short,0.832
sole,808,short,o,,short,0.886
solo,809,short,o,,short,0.868
some,810,short,o,,short,0.817
sometimes,811,short,t,,short,0.856
somewhat,812,short,o,,short,0.885
sonata,813,short,o,,short,0.89
song,814,short,o,,short,0.886
soon,815,short,t,,short,0.875
sort,816,short,o,,short,0.858
sorts,817,short,o,,short,0.877
sound,818,short,o,,short,0.821
southern,819,short,o,,short,0.86
space,820,short,s,,short,0.851
span,821,short,b,,short,0.851
spanish,822,short,o,,short,0.884
spare,823,short,o,,short,0.865
spears,824,short,o,,short,0.819
special,825,short,o,,short,0.832
specialized,826,short,o,,short,0.848
specific,827,short,o,,short,0.805
specifically,828,short,o,,short,0.845
specified,829,short,o,,short,0.864
spent,830,short,o,,short,0.888
split,831,short,o,?,short,0.882
spring,832,short,o,,short,0.854
sr,833,short,o,,short,0.854
stable,834,short,o,,short,0.887
stage,835,short,o,,short,0.867
starring,836,short,o,,short,0.867
stay,837,short,o,,short,0.887
stories,838,short,o,,short,0.798
story,839,short,o,,short,0.807
straight,840,short,s,?,short,0.772
strange,841,short,o,,short,0.796
strip,842,short,o,,short,0.856
strips,843,short,o,,short,0.78
strong,844,short,o,,short,0.83
style,845,short,o,,short,0.852
subject,846,short,o,,short,0.802
subjects,847,short,o,,short,0.875
submarines,848,short,o,,short,0.883
successful,849,short,o,,short,0.777
suitable,850,short,o,,short,0.868
sum,851,short,o,,short,0.879
summary,852,short,o,,short,0.843
supposedly,853,short,o,,short,0.806
surplus,854,short,o,,short,0.886
survival,855,short,o,,short,0.805
survive,856,short,o,,short,0.864
surviving,857,short,o,,short,0.851
sustained,858,short,o,,short,0.878
swift,859,short,o,,short,0.805
switching,860,short,o,,short,0.865
sword,861,short,o,,short,0.865
swords,862,short,o,,short,0.858
syllables,863,short,o,,short,0.862
synonym,864,short,o,,short,0.798
t,865,short,o,,short,0.801
take,866,short,o,,short,0.867
takes,867,short,o,,short,0.831
technique,868,short,o,,short,0.887
television,869,short,o,,short,0.853
tell,870,short,o,,short,0.877
temporary,871,short,t,,short,0.825
ten,872,short,o,,short,0.825
term,873,short,o,,short,0.796
terror,874,short,o,,short,0.871
than,875,short,o,,short,0.881
that,876,short,o,,short,0.88
the,877,short,o,,short,0.784
theater,878,short,o,,short,0.825
their,879,short,o,,short,0.838
them,880,short,o,,short,0.852
theme,881,short,o,,short,0.872
then,882,short,t,?,short,0.87
there,883,short,s,,short,0.855
therefore,884,short,o,,short,0.832
these,885,short,o,,short,0.86
they,886,short,o,,short,0.785
thick,887,short,s,,short,0.876
thin,888,short,s,,short,0.803
third,889,short,o,,short,0.763
thirty,890,short,o,,short,0.813
this,891,short,o,,short,0.8
though,892,short,o,,short,0.81
thousand,893,short,o,,short,0.844
three,894,short,o,,short,0.833
till,895,short,b,,short,0.885
time,896,short,t,,short,0.719
tin,897,short,o,,short,0.881
tiny,898,short,s,,short,0.774
title,899,short,o,,short,0.84
titled,900,short,o,,short,0.847
titles,901,short,o,,short,0.86
together,902,short,s,?,short,0.794
tone,903,short,o,,short,0.854
too,904,short,o,,short,0.84
total,905,short,o,,short,0.883
tough,906,short,o,,short,0.85
towers,907,short,o,,short,0.873
trace,908,short,o,,short,0.887
tragedy,909,short,o,,short,0.865
transitional,910,short,b,,short,0.867
travel,911,short,o,,short,0.835
travelling,912,short,o,,short,0.887
travels,913,short,o,,short,0.886
tribute,914,short,o,,short,0.882
trio,915,short,o,,short,0.88
trip,916,short,o,,short,0.834
triple,917,short,o,,short,0.811
TRUE,918,short,o,,short,0.741
truly,919,short,o,,short,0.853
turning,920,short,o,,short,0.874
tv,921,short,o,,short,0.856
twelve,922,short,o,,short,0.859
twenty,923,short,o,,short,0.858
twice,924,short,o,?,short,0.799
two,925,short,o,,short,0.889
type,926,short,o,,short,0.818
types,927,short,o,,short,0.886
typical,928,short,o,,short,0.866
typically,929,short,o,,short,0.787
uncommon,930,short,o,,short,0.885
under,931,short,s,?,short,0.864
unfinished,932,short,t,,short,0.841
unfortunately,933,short,o,,short,0.858
unique,934,short,o,,short,0.874
unit,935,short,o,,short,0.882
UNK,936,short,o,,short,0.79
unlikely,937,short,o,,short,0.838
unlimited,938,short,o,,short,0.886
unusual,939,short,o,,short,0.735
unusually,940,short,o,,short,0.867
upon,941,short,b,?,short,0.872
used,942,short,o,,short,0.764
useful,943,short,o,,short,0.871
useless,944,short,o,,short,0.873
uses,945,short,o,,short,0.845
using,946,short,o,,short,0.758
usual,947,short,o,,short,0.788
usually,948,short,t,?,short,0.809
van,949,short,o,,short,0.811
variable,950,short,o,,short,0.824
variety,951,short,o,,short,0.878
vast,952,short,s,,short,0.851
vertical,953,short,s,,short,0.821
very,954,short,o,,short,0.847
video,955,short,o,,short,0.88
visual,956,short,o,,short,0.85
waiting,957,short,o,,short,0.853
wall,958,short,o,,short,0.859
walt,959,short,o,,short,0.888
war,960,short,o,,short,0.89
warner,961,short,o,,short,0.849
was,962,short,o,,short,0.845
way,963,short,o,,short,0.833
weak,964,short,o,,short,0.811
week,965,short,t,,short,0.822
weekly,966,short,t,,short,0.87
weeks,967,short,t,,short,0.81
well,968,short,o,,short,0.875
were,969,short,o,,short,0.87
west,970,short,s,?,short,0.861
western,971,short,o,,short,0.865
when,972,short,t,,short,0.8
where,973,short,s,,short,0.774
whereas,974,short,o,,short,0.809
wherein,975,short,s,,short,0.861
which,976,short,o,,short,0.815
while,977,short,t,,short,0.83
whilst,978,short,t,,short,0.888
white,979,short,o,,short,0.858
whole,980,short,o,,short,0.748
whose,981,short,o,,short,0.787
wide,982,short,s,?,short,0.791
winning,983,short,o,,short,0.865
with,984,short,o,,short,0.866
within,985,short,b,,short,0.836
wood,986,short,o,,short,0.89
working,987,short,o,,short,0.884
works,988,short,o,,short,0.824
worlds,989,short,o,,short,0.872
write,990,short,o,,short,0.884
writer,991,short,o,,short,0.859
writers,992,short,o,,short,0.852
writing,993,short,o,,short,0.821
written,994,short,o,,short,0.786
wrote,995,short,o,,short,0.881
year,996,short,t,,short,0.838
young,997,short,o,?,short,0.818
youth,998,short,o,?,short,0.884
zone,999,short,b,,short,0.832